id,first_name,last_name,country
341-50-4548,Quentin,Bruneton,France
105-70-2001,Glenine,Dymick,Brazil
194-03-1944,Sonja,Stave,China
150-64-2955,Grete,McEntegart,Colombia
220-34-1659,Uri,Gammel,Indonesia
195-27-9460,Johnathan,Remer,Egypt
570-41-9358,Robin,Margiotta,China
660-65-4627,Dinnie,Meyrick,Philippines
760-63-6420,Parker,Collet,Serbia
675-88-3224,Hugo,Flecknell,Mexico
490-95-8391,Khalil,Boddice,Greece
775-13-8888,Nickolaus,Lissett,Latvia
861-91-8093,Nevil,Duffield,Finland
402-79-0353,Maurits,Divis,Ukraine
118-49-1588,Terza,Glasman,Mali
790-61-5326,Emilia,Squire,China
571-85-3453,Cynthia,Bassano,France
649-99-3256,Percy,Goodlad,Democratic Republic of the Congo
670-42-4209,Eolanda,Dalbey,Guatemala
614-48-6649,Davidde,McCullagh,Indonesia
348-08-2795,Ara,Littell,China
378-91-8559,Dalton,Howsley,Canada
347-57-7159,Marijn,Symcoxe,Poland
603-95-4004,Banky,Leaton,Colombia
852-42-3139,Cass,Challis,Indonesia
796-60-8534,Meghan,Jancik,Venezuela
775-44-7698,Lauraine,Akid,Indonesia
633-29-0750,Reuben,Draysey,Belarus
371-12-5706,Berkie,Fumagallo,Croatia
357-44-4267,Van,Stannislawski,China
806-27-6405,Sandy,Lowsely,Indonesia
574-90-6771,Bertie,Choke,China
120-59-0981,Franky,Boyet,South Africa
407-61-9323,Allys,Normansell,China
311-22-8099,Ingrim,Willingale,France
160-18-5503,Jo ann,Clausius,Russia
653-29-0468,Janaye,Bissex,China
418-51-6227,Katina,Guinness,Thailand
791-62-6125,Yalonda,Endrighi,China
155-05-7908,Jeramie,Northway,France
897-34-9181,Tammy,Wanden,Japan
571-57-1255,Cecilia,O'Lunney,Czech Republic
691-62-2288,Erna,Simond,Colombia
301-81-0892,Gris,Voisey,Thailand
198-99-7254,Jerrold,McLeod,Argentina
318-07-3236,Christian,Bonifazio,Finland
137-17-4818,Marabel,Palumbo,Indonesia
276-77-8947,Noah,Pawels,Cameroon
448-05-2717,Dulcie,Mepsted,Indonesia
880-04-0201,Lucine,Lathe,Brazil
595-26-7924,Rebbecca,Collen,Djibouti
811-25-5089,Derrick,Driffe,Indonesia
321-64-3587,Robena,Gaunter,China
362-05-3004,Gardener,Hatherley,China
831-85-9757,Marcelle,Snowball,China
854-08-9820,Barry,Simioli,Sweden
864-28-4758,Powell,Arnholtz,Indonesia
467-75-8727,Solomon,Abarough,Russia
845-54-3316,Jed,Tanner,Haiti
626-22-5741,Roselia,Beisley,Indonesia
780-65-9359,Martica,MacLese,Netherlands
244-75-1178,Cyndia,Cody,Comoros
637-64-4858,Libby,Basil,Sweden
503-06-8341,Brunhilda,Coste,Peru
818-80-8530,Yorgo,Michele,China
514-87-7222,Olympe,Macellar,China
635-11-7309,Kit,Duley,China
192-32-2921,Symon,O'Curneen,Portugal
810-51-6924,Rosita,Sokale,China
103-95-6788,Meriel,Spoor,Samoa
176-67-8008,Eberhard,Vell,France
839-18-3688,Brandy,Vandrill,East Timor
311-89-0967,Alaster,Twamley,Ukraine
137-95-4727,Robina,Tolumello,Macedonia
668-41-4650,Burt,Sponder,Colombia
217-83-7718,Ike,Parzizek,Philippines
251-92-5216,Valery,Sudy,Egypt
409-27-7261,Karney,McKnockiter,Czech Republic
464-66-3196,Cori,Grishkov,France
505-48-5184,Lucius,Kibard,China
423-52-0931,Sancho,Fitchet,China
125-36-2712,Babb,Novkovic,Iran
871-62-1740,Goldarina,Aucourte,United States
193-61-6554,George,Boot,Brazil
405-13-3686,Haley,Spooner,Finland
698-90-8437,Eadmund,Slowly,China
631-38-5146,Rossy,Stokoe,Antigua and Barbuda
180-61-0750,Gerianna,Jeaves,Sweden
607-41-1580,Theadora,Kintish,El Salvador
892-49-2960,Jermaine,Elphinston,China
449-63-0748,Ettie,Champniss,China
456-22-7578,Rolfe,Julian,Indonesia
320-88-7619,Ciel,Iannetti,Russia
503-27-2581,Shirlee,Dunmuir,China
599-51-8159,Astrid,Cranston,South Sudan
263-67-0780,Alexia,Dearnley,Croatia
536-65-5864,Leonard,Duthie,China
538-59-8438,Cesar,Jeannard,Cuba
825-29-1721,Nita,Illing,Indonesia
576-81-2295,Earle,Blandford,China
335-68-6406,Wynn,Endersby,Philippines
416-10-9210,Dewey,Corris,Indonesia
107-94-6499,Tallie,Hailey,France
376-13-0362,Ailina,Ready,Mexico
500-05-0437,Kelvin,Meadowcroft,Tuvalu
741-82-3784,Elmo,Sturge,Philippines
368-77-1078,Ellery,Tourne,China
799-67-1307,Marcel,Grima,Indonesia
201-91-3601,Donn,Bentinck,Mexico
749-34-5205,Letta,Coppledike,China
286-70-3638,Colleen,Kurt,Portugal
124-95-8194,Trish,Croizier,Honduras
428-41-6132,Mord,Obert,Portugal
393-28-7879,Cathlene,Warkup,Philippines
744-31-3607,Edik,Sawter,Russia
351-44-5628,Heall,Philipsson,France
326-01-9613,Ricky,Jenney,Russia
653-87-4456,Gerick,Prugel,France
647-99-0647,Rog,Tole,Portugal
881-22-8303,Ellen,Klessmann,China
240-56-5440,Madel,Simmons,Poland
611-15-9612,Kimberlee,Mirfin,Mongolia
482-44-2362,Deloria,Curnick,Ukraine
751-18-4926,Leeann,Pagram,Palau
701-08-2445,Galven,Georges,Indonesia
655-68-1846,Doralia,Beecroft,China
894-21-0581,Randi,Duddan,South Africa
858-55-1704,Coleen,Bevan,Canada
298-58-5799,Lilla,McAdam,Portugal
273-25-4894,Blanche,Howel,Sweden
150-38-8445,Tedmund,Base,Indonesia
862-13-2903,Etan,Gowdy,Russia
750-99-4461,Dottie,Fryatt,China
147-77-8029,Rozalin,Le Fleming,France
766-85-2109,Barrie,Wildes,China
450-57-7446,Lars,Maisey,Cameroon
503-41-8571,Annemarie,Glasard,New Zealand
423-42-9179,Herminia,Boutwell,Sweden
640-62-5743,Arvin,Guerreru,Kosovo
524-76-2913,June,Cronkshaw,Brazil
456-44-1498,Yulma,Routledge,Ukraine
542-20-6472,Dylan,Dawdary,Indonesia
693-95-7131,Sheelah,Drewet,Morocco
326-64-0773,Dalenna,Sommerland,Indonesia
527-79-0598,Jaimie,Ervin,China
317-85-8657,Lars,Burgess,Ukraine
231-45-5491,Tucker,Satteford,Poland
480-34-7713,Saunder,Grand,Greece
209-57-1757,Kalinda,Riceards,Poland
256-49-9437,Viviana,Carayol,China
541-42-0286,Trent,Bispham,China
450-14-3544,Virgie,Boraston,Japan
158-75-8981,Daniella,Tinson,China
708-43-3709,Lee,Thirlaway,Argentina
784-47-9148,Marylynne,Renahan,Nepal
149-28-4192,Devora,Sandyfirth,China
221-75-5811,Prent,Wadworth,China
620-15-3181,Wade,Gorton,China
212-18-4196,Alva,Stanworth,Macedonia
429-92-3040,Abbey,Radnage,Serbia
122-36-8493,Corbie,Sante,United States
535-85-2875,Sholom,Shaplin,Saudi Arabia
224-14-1284,Rosalind,Van Rembrandt,Jamaica
846-66-3371,Darda,Philipsson,China
505-16-3616,Cassius,Peatman,Indonesia
468-64-0125,Lauree,Evitts,China
349-38-3604,Elsy,Diment,Mongolia
312-88-2054,Nonah,Moralas,Greece
402-17-5502,Pattie,Baulcombe,Greece
163-47-5581,Poppy,Dowears,Czech Republic
707-38-4393,Kimberlee,Di Domenico,Indonesia
327-95-7519,Enos,Carverhill,China
690-36-7592,Theresina,Chipperfield,China
841-40-1431,Rosamund,O'Carrol,Madagascar
649-98-5606,Derk,Cocking,Philippines
781-19-2258,Leicester,Maasze,Colombia
706-06-5014,Linell,Ebi,Indonesia
883-63-5465,Nanny,Soan,United States
505-64-5161,Bertha,Shaylor,Iran
723-48-8826,Alfie,Fludder,Mauritius
344-16-5378,Saleem,Dabernott,Brazil
249-48-6076,Tremayne,Lowdes,Marshall Islands
238-11-7938,Auberta,Clelland,China
857-54-4926,Kendell,Cochran,Indonesia
816-88-9760,Mollee,Orth,Honduras
843-42-3215,Waly,Miliffe,Portugal
515-20-6638,Dynah,Bibby,Brazil
725-81-2112,Clo,Frondt,Czech Republic
879-13-7327,Helaine,O' Kelleher,Czech Republic
898-54-9618,Grayce,Benjafield,Russia
764-48-8828,Pattie,Jirka,China
545-59-6762,Marshall,Wallbanks,China
774-11-5205,Edgardo,Bezemer,China
116-06-1523,Ina,Vasiliu,Sweden
871-50-7193,Xaviera,Behnke,Cameroon
617-53-2390,Kiley,Rielly,United Kingdom
453-11-2193,Garnette,Jeppensen,Slovenia
508-71-2104,Alexandr,Winstone,Indonesia
737-47-3494,Quint,Stiggles,Sierra Leone
858-79-4869,Christopher,Local,Mexico
