id,name,country
52584-921,Yodo,Egypt
61096-0017,Gabtype,Greece
52099-8005,Meevee,China
0536-2220,Gabvine,China
64269-9907,Photolist,Nigeria
21695-666,Thoughtblab,China
63402-208,Blogtag,Russia
49288-0675,Kwinu,Kyrgyzstan
36800-205,Photofeed,China
50436-6526,Centizu,Japan
59011-750,Photofeed,China
51060-037,Avaveo,Finland
63304-549,Thoughtblab,Philippines
67877-211,Twitterwire,United States
0615-5541,Topdrive,Nigeria
64092-120,Geba,Norway
0179-0063,Dabjam,France
59762-5091,Eadel,Russia
29860-217,Riffpath,United States
64205-224,Meedoo,Jamaica
